,index,symboling,wheel-base,length,width,height,curb-weight,engine-size,compression-ratio,city-mpg,highway-mpg,normalized-losses,make_alfa-romero,make_audi,make_bmw,make_chevrolet,make_dodge,make_honda,make_isuzu,make_jaguar,make_mazda,make_mercedes-benz,make_mercury,make_mitsubishi,make_nissan,make_peugot,make_plymouth,make_porsche,make_renault,make_saab,make_subaru,make_toyota,make_volkswagen,make_volvo,fuel-type_diesel,fuel-type_gas,aspiration_std,aspiration_turbo,num-of-doors_four,num-of-doors_two,body-style_convertible,body-style_hardtop,body-style_hatchback,body-style_sedan,body-style_wagon,drive-wheels_4wd,drive-wheels_fwd,drive-wheels_rwd,engine-location_front,engine-location_rear,engine-type_dohc,engine-type_l,engine-type_ohc,engine-type_ohcf,engine-type_ohcv,engine-type_rotor,num-of-cylinders_eight,num-of-cylinders_five,num-of-cylinders_four,num-of-cylinders_six,num-of-cylinders_three,num-of-cylinders_twelve,num-of-cylinders_two,fuel-system_1bbl,fuel-system_2bbl,fuel-system_4bbl,fuel-system_idi,fuel-system_mfi,fuel-system_mpfi,fuel-system_spdi,fuel-system_spfi,bore,stroke,horsepower,peak-rpm,price,price-bins
0,0,3,88.6,168.8,64.1,48.8,2548,130,9.0,21,27,122.0,1,0,0,0,0,0,0,0,0,0,0,0,0,0,0,0,0,0,0,0,0,0,0,1,1,0,0,1,1,0,0,0,0,0,0,1,1,0,1,0,0,0,0,0,0,0,1,0,0,0,0,0,0,0,0,0,1,0,0,3.47,2.68,111.0,5000.0,13495.0,low
1,1,3,88.6,168.8,64.1,48.8,2548,130,9.0,21,27,122.0,1,0,0,0,0,0,0,0,0,0,0,0,0,0,0,0,0,0,0,0,0,0,0,1,1,0,0,1,1,0,0,0,0,0,0,1,1,0,1,0,0,0,0,0,0,0,1,0,0,0,0,0,0,0,0,0,1,0,0,3.47,2.68,111.0,5000.0,16500.0,low
2,2,1,94.5,171.2,65.5,52.4,2823,152,9.0,19,26,122.0,1,0,0,0,0,0,0,0,0,0,0,0,0,0,0,0,0,0,0,0,0,0,0,1,1,0,0,1,0,0,1,0,0,0,0,1,1,0,0,0,0,0,1,0,0,0,0,1,0,0,0,0,0,0,0,0,1,0,0,2.68,3.47,154.0,5000.0,16500.0,low
3,3,2,99.8,176.6,66.2,54.3,2337,109,10.0,24,30,164.0,0,1,0,0,0,0,0,0,0,0,0,0,0,0,0,0,0,0,0,0,0,0,0,1,1,0,1,0,0,0,0,1,0,0,1,0,1,0,0,0,1,0,0,0,0,0,1,0,0,0,0,0,0,0,0,0,1,0,0,3.19,3.4,102.0,5500.0,13950.0,low
4,4,2,99.4,176.6,66.4,54.3,2824,136,8.0,18,22,164.0,0,1,0,0,0,0,0,0,0,0,0,0,0,0,0,0,0,0,0,0,0,0,0,1,1,0,1,0,0,0,0,1,0,1,0,0,1,0,0,0,1,0,0,0,0,1,0,0,0,0,0,0,0,0,0,0,1,0,0,3.19,3.4,115.0,5500.0,17450.0,low
5,5,2,99.8,177.3,66.3,53.1,2507,136,8.5,19,25,122.0,0,1,0,0,0,0,0,0,0,0,0,0,0,0,0,0,0,0,0,0,0,0,0,1,1,0,0,1,0,0,0,1,0,0,1,0,1,0,0,0,1,0,0,0,0,1,0,0,0,0,0,0,0,0,0,0,1,0,0,3.19,3.4,110.0,5500.0,15250.0,low
6,6,1,105.8,192.7,71.4,55.7,2844,136,8.5,19,25,158.0,0,1,0,0,0,0,0,0,0,0,0,0,0,0,0,0,0,0,0,0,0,0,0,1,1,0,1,0,0,0,0,1,0,0,1,0,1,0,0,0,1,0,0,0,0,1,0,0,0,0,0,0,0,0,0,0,1,0,0,3.19,3.4,110.0,5500.0,17710.0,low
7,7,1,105.8,192.7,71.4,55.7,2954,136,8.5,19,25,122.0,0,1,0,0,0,0,0,0,0,0,0,0,0,0,0,0,0,0,0,0,0,0,0,1,1,0,1,0,0,0,0,0,1,0,1,0,1,0,0,0,1,0,0,0,0,1,0,0,0,0,0,0,0,0,0,0,1,0,0,3.19,3.4,110.0,5500.0,18920.0,medium
8,8,1,105.8,192.7,71.4,55.9,3086,131,8.3,17,20,158.0,0,1,0,0,0,0,0,0,0,0,0,0,0,0,0,0,0,0,0,0,0,0,0,1,0,1,1,0,0,0,0,1,0,0,1,0,1,0,0,0,1,0,0,0,0,1,0,0,0,0,0,0,0,0,0,0,1,0,0,3.13,3.4,140.0,5500.0,23875.0,medium
9,10,2,101.2,176.8,64.8,54.3,2395,108,8.8,23,29,192.0,0,0,1,0,0,0,0,0,0,0,0,0,0,0,0,0,0,0,0,0,0,0,0,1,1,0,0,1,0,0,0,1,0,0,0,1,1,0,0,0,1,0,0,0,0,0,1,0,0,0,0,0,0,0,0,0,1,0,0,3.5,2.8,101.0,5800.0,16430.0,low
10,11,0,101.2,176.8,64.8,54.3,2395,108,8.8,23,29,192.0,0,0,1,0,0,0,0,0,0,0,0,0,0,0,0,0,0,0,0,0,0,0,0,1,1,0,1,0,0,0,0,1,0,0,0,1,1,0,0,0,1,0,0,0,0,0,1,0,0,0,0,0,0,0,0,0,1,0,0,3.5,2.8,101.0,5800.0,16925.0,low
11,12,0,101.2,176.8,64.8,54.3,2710,164,9.0,21,28,188.0,0,0,1,0,0,0,0,0,0,0,0,0,0,0,0,0,0,0,0,0,0,0,0,1,1,0,0,1,0,0,0,1,0,0,0,1,1,0,0,0,1,0,0,0,0,0,0,1,0,0,0,0,0,0,0,0,1,0,0,3.31,3.19,121.0,4250.0,20970.0,medium
12,13,0,101.2,176.8,64.8,54.3,2765,164,9.0,21,28,188.0,0,0,1,0,0,0,0,0,0,0,0,0,0,0,0,0,0,0,0,0,0,0,0,1,1,0,1,0,0,0,0,1,0,0,0,1,1,0,0,0,1,0,0,0,0,0,0,1,0,0,0,0,0,0,0,0,1,0,0,3.31,3.19,121.0,4250.0,21105.0,medium
13,14,1,103.5,189.0,66.9,55.7,3055,164,9.0,20,25,122.0,0,0,1,0,0,0,0,0,0,0,0,0,0,0,0,0,0,0,0,0,0,0,0,1,1,0,1,0,0,0,0,1,0,0,0,1,1,0,0,0,1,0,0,0,0,0,0,1,0,0,0,0,0,0,0,0,1,0,0,3.31,3.19,121.0,4250.0,24565.0,medium
14,15,0,103.5,189.0,66.9,55.7,3230,209,8.0,16,22,122.0,0,0,1,0,0,0,0,0,0,0,0,0,0,0,0,0,0,0,0,0,0,0,0,1,1,0,1,0,0,0,0,1,0,0,0,1,1,0,0,0,1,0,0,0,0,0,0,1,0,0,0,0,0,0,0,0,1,0,0,3.62,3.39,182.0,5400.0,30760.0,medium
15,16,0,103.5,193.8,67.9,53.7,3380,209,8.0,16,22,122.0,0,0,1,0,0,0,0,0,0,0,0,0,0,0,0,0,0,0,0,0,0,0,0,1,1,0,0,1,0,0,0,1,0,0,0,1,1,0,0,0,1,0,0,0,0,0,0,1,0,0,0,0,0,0,0,0,1,0,0,3.62,3.39,182.0,5400.0,41315.0,high
16,17,0,110.0,197.0,70.9,56.3,3505,209,8.0,15,20,122.0,0,0,1,0,0,0,0,0,0,0,0,0,0,0,0,0,0,0,0,0,0,0,0,1,1,0,1,0,0,0,0,1,0,0,0,1,1,0,0,0,1,0,0,0,0,0,0,1,0,0,0,0,0,0,0,0,1,0,0,3.62,3.39,182.0,5400.0,36880.0,high
17,18,2,88.4,141.1,60.3,53.2,1488,61,9.5,47,53,121.0,0,0,0,1,0,0,0,0,0,0,0,0,0,0,0,0,0,0,0,0,0,0,0,1,1,0,0,1,0,0,1,0,0,0,1,0,1,0,0,1,0,0,0,0,0,0,0,0,1,0,0,0,1,0,0,0,0,0,0,2.91,3.03,48.0,5100.0,5151.0,low
18,19,1,94.5,155.9,63.6,52.0,1874,90,9.6,38,43,98.0,0,0,0,1,0,0,0,0,0,0,0,0,0,0,0,0,0,0,0,0,0,0,0,1,1,0,0,1,0,0,1,0,0,0,1,0,1,0,0,0,1,0,0,0,0,0,1,0,0,0,0,0,1,0,0,0,0,0,0,3.03,3.11,70.0,5400.0,6295.0,low
19,20,0,94.5,158.8,63.6,52.0,1909,90,9.6,38,43,81.0,0,0,0,1,0,0,0,0,0,0,0,0,0,0,0,0,0,0,0,0,0,0,0,1,1,0,1,0,0,0,0,1,0,0,1,0,1,0,0,0,1,0,0,0,0,0,1,0,0,0,0,0,1,0,0,0,0,0,0,3.03,3.11,70.0,5400.0,6575.0,low
20,21,1,93.7,157.3,63.8,50.8,1876,90,9.41,37,41,118.0,0,0,0,0,1,0,0,0,0,0,0,0,0,0,0,0,0,0,0,0,0,0,0,1,1,0,0,1,0,0,1,0,0,0,1,0,1,0,0,0,1,0,0,0,0,0,1,0,0,0,0,0,1,0,0,0,0,0,0,2.97,3.23,68.0,5500.0,5572.0,low
21,22,1,93.7,157.3,63.8,50.8,1876,90,9.4,31,38,118.0,0,0,0,0,1,0,0,0,0,0,0,0,0,0,0,0,0,0,0,0,0,0,0,1,1,0,0,1,0,0,1,0,0,0,1,0,1,0,0,0,1,0,0,0,0,0,1,0,0,0,0,0,1,0,0,0,0,0,0,2.97,3.23,68.0,5500.0,6377.0,low
22,23,1,93.7,157.3,63.8,50.8,2128,98,7.6,24,30,118.0,0,0,0,0,1,0,0,0,0,0,0,0,0,0,0,0,0,0,0,0,0,0,0,1,0,1,0,1,0,0,1,0,0,0,1,0,1,0,0,0,1,0,0,0,0,0,1,0,0,0,0,0,0,0,0,0,1,0,0,3.03,3.39,102.0,5500.0,7957.0,low
23,24,1,93.7,157.3,63.8,50.6,1967,90,9.4,31,38,148.0,0,0,0,0,1,0,0,0,0,0,0,0,0,0,0,0,0,0,0,0,0,0,0,1,1,0,1,0,0,0,1,0,0,0,1,0,1,0,0,0,1,0,0,0,0,0,1,0,0,0,0,0,1,0,0,0,0,0,0,2.97,3.23,68.0,5500.0,6229.0,low
24,25,1,93.7,157.3,63.8,50.6,1989,90,9.4,31,38,148.0,0,0,0,0,1,0,0,0,0,0,0,0,0,0,0,0,0,0,0,0,0,0,0,1,1,0,1,0,0,0,0,1,0,0,1,0,1,0,0,0,1,0,0,0,0,0,1,0,0,0,0,0,1,0,0,0,0,0,0,2.97,3.23,68.0,5500.0,6692.0,low
25,26,1,93.7,157.3,63.8,50.6,1989,90,9.4,31,38,148.0,0,0,0,0,1,0,0,0,0,0,0,0,0,0,0,0,0,0,0,0,0,0,0,1,1,0,1,0,0,0,0,1,0,0,1,0,1,0,0,0,1,0,0,0,0,0,1,0,0,0,0,0,1,0,0,0,0,0,0,2.97,3.23,68.0,5500.0,7609.0,low
26,27,1,93.7,157.3,63.8,50.6,2191,98,7.6,24,30,148.0,0,0,0,0,1,0,0,0,0,0,0,0,0,0,0,0,0,0,0,0,0,0,0,1,0,1,0,0,0,0,0,1,0,0,1,0,1,0,0,0,1,0,0,0,0,0,1,0,0,0,0,0,0,0,0,0,1,0,0,3.03,3.39,102.0,5500.0,8558.0,low
27,28,-1,103.3,174.6,64.6,59.8,2535,122,8.5,24,30,110.0,0,0,0,0,1,0,0,0,0,0,0,0,0,0,0,0,0,0,0,0,0,0,0,1,1,0,1,0,0,0,0,0,1,0,1,0,1,0,0,0,1,0,0,0,0,0,1,0,0,0,0,0,1,0,0,0,0,0,0,3.34,3.46,88.0,5000.0,8921.0,low
28,29,3,95.9,173.2,66.3,50.2,2811,156,7.0,19,24,145.0,0,0,0,0,1,0,0,0,0,0,0,0,0,0,0,0,0,0,0,0,0,0,0,1,0,1,0,1,0,0,1,0,0,0,1,0,1,0,0,0,1,0,0,0,0,0,1,0,0,0,0,0,0,0,0,1,0,0,0,3.6,3.9,145.0,5000.0,12964.0,low
29,30,2,86.6,144.6,63.9,50.8,1713,92,9.6,49,54,137.0,0,0,0,0,0,1,0,0,0,0,0,0,0,0,0,0,0,0,0,0,0,0,0,1,1,0,0,1,0,0,1,0,0,0,1,0,1,0,0,0,1,0,0,0,0,0,1,0,0,0,0,1,0,0,0,0,0,0,0,2.91,3.41,58.0,4800.0,6479.0,low
30,31,2,86.6,144.6,63.9,50.8,1819,92,9.2,31,38,137.0,0,0,0,0,0,1,0,0,0,0,0,0,0,0,0,0,0,0,0,0,0,0,0,1,1,0,0,1,0,0,1,0,0,0,1,0,1,0,0,0,1,0,0,0,0,0,1,0,0,0,0,1,0,0,0,0,0,0,0,2.91,3.41,76.0,6000.0,6855.0,low
31,32,1,93.7,150.0,64.0,52.6,1837,79,10.1,38,42,101.0,0,0,0,0,0,1,0,0,0,0,0,0,0,0,0,0,0,0,0,0,0,0,0,1,1,0,0,1,0,0,1,0,0,0,1,0,1,0,0,0,1,0,0,0,0,0,1,0,0,0,0,1,0,0,0,0,0,0,0,2.91,3.07,60.0,5500.0,5399.0,low
32,33,1,93.7,150.0,64.0,52.6,1940,92,9.2,30,34,101.0,0,0,0,0,0,1,0,0,0,0,0,0,0,0,0,0,0,0,0,0,0,0,0,1,1,0,0,1,0,0,1,0,0,0,1,0,1,0,0,0,1,0,0,0,0,0,1,0,0,0,0,1,0,0,0,0,0,0,0,2.91,3.41,76.0,6000.0,6529.0,low
33,34,1,93.7,150.0,64.0,52.6,1956,92,9.2,30,34,101.0,0,0,0,0,0,1,0,0,0,0,0,0,0,0,0,0,0,0,0,0,0,0,0,1,1,0,0,1,0,0,1,0,0,0,1,0,1,0,0,0,1,0,0,0,0,0,1,0,0,0,0,1,0,0,0,0,0,0,0,2.91,3.41,76.0,6000.0,7129.0,low
34,35,0,96.5,163.4,64.0,54.5,2010,92,9.2,30,34,110.0,0,0,0,0,0,1,0,0,0,0,0,0,0,0,0,0,0,0,0,0,0,0,0,1,1,0,1,0,0,0,0,1,0,0,1,0,1,0,0,0,1,0,0,0,0,0,1,0,0,0,0,1,0,0,0,0,0,0,0,2.91,3.41,76.0,6000.0,7295.0,low
35,36,0,96.5,157.1,63.9,58.3,2024,92,9.2,30,34,78.0,0,0,0,0,0,1,0,0,0,0,0,0,0,0,0,0,0,0,0,0,0,0,0,1,1,0,1,0,0,0,0,0,1,0,1,0,1,0,0,0,1,0,0,0,0,0,1,0,0,0,0,1,0,0,0,0,0,0,0,2.92,3.41,76.0,6000.0,7295.0,low
36,37,0,96.5,167.5,65.2,53.3,2236,110,9.0,27,33,106.0,0,0,0,0,0,1,0,0,0,0,0,0,0,0,0,0,0,0,0,0,0,0,0,1,1,0,0,1,0,0,1,0,0,0,1,0,1,0,0,0,1,0,0,0,0,0,1,0,0,0,0,1,0,0,0,0,0,0,0,3.15,3.58,86.0,5800.0,7895.0,low
37,38,0,96.5,167.5,65.2,53.3,2289,110,9.0,27,33,106.0,0,0,0,0,0,1,0,0,0,0,0,0,0,0,0,0,0,0,0,0,0,0,0,1,1,0,0,1,0,0,1,0,0,0,1,0,1,0,0,0,1,0,0,0,0,0,1,0,0,0,0,1,0,0,0,0,0,0,0,3.15,3.58,86.0,5800.0,9095.0,low
38,39,0,96.5,175.4,65.2,54.1,2304,110,9.0,27,33,85.0,0,0,0,0,0,1,0,0,0,0,0,0,0,0,0,0,0,0,0,0,0,0,0,1,1,0,1,0,0,0,0,1,0,0,1,0,1,0,0,0,1,0,0,0,0,0,1,0,0,0,0,1,0,0,0,0,0,0,0,3.15,3.58,86.0,5800.0,8845.0,low
39,40,0,96.5,175.4,62.5,54.1,2372,110,9.0,27,33,85.0,0,0,0,0,0,1,0,0,0,0,0,0,0,0,0,0,0,0,0,0,0,0,0,1,1,0,1,0,0,0,0,1,0,0,1,0,1,0,0,0,1,0,0,0,0,0,1,0,0,0,0,1,0,0,0,0,0,0,0,3.15,3.58,86.0,5800.0,10295.0,low
40,41,0,96.5,175.4,65.2,54.1,2465,110,9.0,24,28,85.0,0,0,0,0,0,1,0,0,0,0,0,0,0,0,0,0,0,0,0,0,0,0,0,1,1,0,1,0,0,0,0,1,0,0,1,0,1,0,0,0,1,0,0,0,0,0,1,0,0,0,0,0,0,0,0,0,1,0,0,3.15,3.58,101.0,5800.0,12945.0,low
41,42,1,96.5,169.1,66.0,51.0,2293,110,9.1,25,31,107.0,0,0,0,0,0,1,0,0,0,0,0,0,0,0,0,0,0,0,0,0,0,0,0,1,1,0,0,1,0,0,0,1,0,0,1,0,1,0,0,0,1,0,0,0,0,0,1,0,0,0,0,0,1,0,0,0,0,0,0,3.15,3.58,100.0,5500.0,10345.0,low
42,43,0,94.3,170.7,61.8,53.5,2337,111,8.5,24,29,122.0,0,0,0,0,0,0,1,0,0,0,0,0,0,0,0,0,0,0,0,0,0,0,0,1,1,0,1,0,0,0,0,1,0,0,0,1,1,0,0,0,1,0,0,0,0,0,1,0,0,0,0,0,1,0,0,0,0,0,0,3.31,3.23,78.0,4800.0,6785.0,low
43,46,2,96.0,172.6,65.2,51.4,2734,119,9.2,24,29,122.0,0,0,0,0,0,0,1,0,0,0,0,0,0,0,0,0,0,0,0,0,0,0,0,1,1,0,0,1,0,0,1,0,0,0,0,1,1,0,0,0,1,0,0,0,0,0,1,0,0,0,0,0,0,0,0,0,0,0,1,3.43,3.23,90.0,5000.0,11048.0,low
44,47,0,113.0,199.6,69.6,52.8,4066,258,8.1,15,19,145.0,0,0,0,0,0,0,0,1,0,0,0,0,0,0,0,0,0,0,0,0,0,0,0,1,1,0,1,0,0,0,0,1,0,0,0,1,1,0,1,0,0,0,0,0,0,0,0,1,0,0,0,0,0,0,0,0,1,0,0,3.63,4.17,176.0,4750.0,32250.0,high
45,48,0,113.0,199.6,69.6,52.8,4066,258,8.1,15,19,122.0,0,0,0,0,0,0,0,1,0,0,0,0,0,0,0,0,0,0,0,0,0,0,0,1,1,0,1,0,0,0,0,1,0,0,0,1,1,0,1,0,0,0,0,0,0,0,0,1,0,0,0,0,0,0,0,0,1,0,0,3.63,4.17,176.0,4750.0,35550.0,high
46,49,0,102.0,191.7,70.6,47.8,3950,326,11.5,13,17,122.0,0,0,0,0,0,0,0,1,0,0,0,0,0,0,0,0,0,0,0,0,0,0,0,1,1,0,0,1,0,0,0,1,0,0,0,1,1,0,0,0,0,0,1,0,0,0,0,0,0,1,0,0,0,0,0,0,1,0,0,3.54,2.76,262.0,5000.0,36000.0,high
47,50,1,93.1,159.1,64.2,54.1,1890,91,9.0,30,31,104.0,0,0,0,0,0,0,0,0,1,0,0,0,0,0,0,0,0,0,0,0,0,0,0,1,1,0,0,1,0,0,1,0,0,0,1,0,1,0,0,0,1,0,0,0,0,0,1,0,0,0,0,0,1,0,0,0,0,0,0,3.03,3.15,68.0,5000.0,5195.0,low
48,51,1,93.1,159.1,64.2,54.1,1900,91,9.0,31,38,104.0,0,0,0,0,0,0,0,0,1,0,0,0,0,0,0,0,0,0,0,0,0,0,0,1,1,0,0,1,0,0,1,0,0,0,1,0,1,0,0,0,1,0,0,0,0,0,1,0,0,0,0,0,1,0,0,0,0,0,0,3.03,3.15,68.0,5000.0,6095.0,low
49,52,1,93.1,159.1,64.2,54.1,1905,91,9.0,31,38,104.0,0,0,0,0,0,0,0,0,1,0,0,0,0,0,0,0,0,0,0,0,0,0,0,1,1,0,0,1,0,0,1,0,0,0,1,0,1,0,0,0,1,0,0,0,0,0,1,0,0,0,0,0,1,0,0,0,0,0,0,3.03,3.15,68.0,5000.0,6795.0,low
50,53,1,93.1,166.8,64.2,54.1,1945,91,9.0,31,38,113.0,0,0,0,0,0,0,0,0,1,0,0,0,0,0,0,0,0,0,0,0,0,0,0,1,1,0,1,0,0,0,0,1,0,0,1,0,1,0,0,0,1,0,0,0,0,0,1,0,0,0,0,0,1,0,0,0,0,0,0,3.03,3.15,68.0,5000.0,6695.0,low
51,54,1,93.1,166.8,64.2,54.1,1950,91,9.0,31,38,113.0,0,0,0,0,0,0,0,0,1,0,0,0,0,0,0,0,0,0,0,0,0,0,0,1,1,0,1,0,0,0,0,1,0,0,1,0,1,0,0,0,1,0,0,0,0,0,1,0,0,0,0,0,1,0,0,0,0,0,0,3.08,3.15,68.0,5000.0,7395.0,low
52,55,3,95.3,169.0,65.7,49.6,2380,70,9.4,17,23,150.0,0,0,0,0,0,0,0,0,1,0,0,0,0,0,0,0,0,0,0,0,0,0,0,1,1,0,0,1,0,0,1,0,0,0,0,1,1,0,0,0,0,0,0,1,0,0,0,0,0,0,1,0,0,1,0,0,0,0,0,3.0,3.0,101.0,6000.0,10945.0,low
53,56,3,95.3,169.0,65.7,49.6,2380,70,9.4,17,23,150.0,0,0,0,0,0,0,0,0,1,0,0,0,0,0,0,0,0,0,0,0,0,0,0,1,1,0,0,1,0,0,1,0,0,0,0,1,1,0,0,0,0,0,0,1,0,0,0,0,0,0,1,0,0,1,0,0,0,0,0,3.0,3.0,101.0,6000.0,11845.0,low
54,57,3,95.3,169.0,65.7,49.6,2385,70,9.4,17,23,150.0,0,0,0,0,0,0,0,0,1,0,0,0,0,0,0,0,0,0,0,0,0,0,0,1,1,0,0,1,0,0,1,0,0,0,0,1,1,0,0,0,0,0,0,1,0,0,0,0,0,0,1,0,0,1,0,0,0,0,0,3.0,3.0,101.0,6000.0,13645.0,low
55,58,3,95.3,169.0,65.7,49.6,2500,80,9.4,16,23,150.0,0,0,0,0,0,0,0,0,1,0,0,0,0,0,0,0,0,0,0,0,0,0,0,1,1,0,0,1,0,0,1,0,0,0,0,1,1,0,0,0,0,0,0,1,0,0,0,0,0,0,1,0,0,0,0,0,1,0,0,3.0,3.0,135.0,6000.0,15645.0,low
56,59,1,98.8,177.8,66.5,53.7,2385,122,8.6,26,32,129.0,0,0,0,0,0,0,0,0,1,0,0,0,0,0,0,0,0,0,0,0,0,0,0,1,1,0,0,1,0,0,1,0,0,0,1,0,1,0,0,0,1,0,0,0,0,0,1,0,0,0,0,0,1,0,0,0,0,0,0,3.39,3.39,84.0,4800.0,8845.0,low
57,60,0,98.8,177.8,66.5,55.5,2410,122,8.6,26,32,115.0,0,0,0,0,0,0,0,0,1,0,0,0,0,0,0,0,0,0,0,0,0,0,0,1,1,0,1,0,0,0,0,1,0,0,1,0,1,0,0,0,1,0,0,0,0,0,1,0,0,0,0,0,1,0,0,0,0,0,0,3.39,3.39,84.0,4800.0,8495.0,low
58,61,1,98.8,177.8,66.5,53.7,2385,122,8.6,26,32,129.0,0,0,0,0,0,0,0,0,1,0,0,0,0,0,0,0,0,0,0,0,0,0,0,1,1,0,0,1,0,0,1,0,0,0,1,0,1,0,0,0,1,0,0,0,0,0,1,0,0,0,0,0,1,0,0,0,0,0,0,3.39,3.39,84.0,4800.0,10595.0,low
59,62,0,98.8,177.8,66.5,55.5,2410,122,8.6,26,32,115.0,0,0,0,0,0,0,0,0,1,0,0,0,0,0,0,0,0,0,0,0,0,0,0,1,1,0,1,0,0,0,0,1,0,0,1,0,1,0,0,0,1,0,0,0,0,0,1,0,0,0,0,0,1,0,0,0,0,0,0,3.39,3.39,84.0,4800.0,10245.0,low
60,63,0,98.8,177.8,66.5,55.5,2443,122,22.7,36,42,122.0,0,0,0,0,0,0,0,0,1,0,0,0,0,0,0,0,0,0,0,0,0,0,1,0,1,0,0,0,0,0,0,1,0,0,1,0,1,0,0,0,1,0,0,0,0,0,1,0,0,0,0,0,0,0,1,0,0,0,0,3.39,3.39,64.0,4650.0,10795.0,low
61,64,0,98.8,177.8,66.5,55.5,2425,122,8.6,26,32,115.0,0,0,0,0,0,0,0,0,1,0,0,0,0,0,0,0,0,0,0,0,0,0,0,1,1,0,1,0,0,0,1,0,0,0,1,0,1,0,0,0,1,0,0,0,0,0,1,0,0,0,0,0,1,0,0,0,0,0,0,3.39,3.39,84.0,4800.0,11245.0,low
62,65,0,104.9,175.0,66.1,54.4,2670,140,8.0,19,27,118.0,0,0,0,0,0,0,0,0,1,0,0,0,0,0,0,0,0,0,0,0,0,0,0,1,1,0,1,0,0,0,0,1,0,0,0,1,1,0,0,0,1,0,0,0,0,0,1,0,0,0,0,0,0,0,0,0,1,0,0,3.76,3.16,120.0,5000.0,18280.0,low
63,66,0,104.9,175.0,66.1,54.4,2700,134,22.0,31,39,122.0,0,0,0,0,0,0,0,0,1,0,0,0,0,0,0,0,0,0,0,0,0,0,1,0,1,0,1,0,0,0,0,1,0,0,0,1,1,0,0,0,1,0,0,0,0,0,1,0,0,0,0,0,0,0,1,0,0,0,0,3.43,3.64,72.0,4200.0,18344.0,low
64,67,-1,110.0,190.9,70.3,56.5,3515,183,21.5,22,25,93.0,0,0,0,0,0,0,0,0,0,1,0,0,0,0,0,0,0,0,0,0,0,0,1,0,0,1,1,0,0,0,0,1,0,0,0,1,1,0,0,0,1,0,0,0,0,1,0,0,0,0,0,0,0,0,1,0,0,0,0,3.58,3.64,123.0,4350.0,25552.0,medium
65,68,-1,110.0,190.9,70.3,58.7,3750,183,21.5,22,25,93.0,0,0,0,0,0,0,0,0,0,1,0,0,0,0,0,0,0,0,0,0,0,0,1,0,0,1,1,0,0,0,0,0,1,0,0,1,1,0,0,0,1,0,0,0,0,1,0,0,0,0,0,0,0,0,1,0,0,0,0,3.58,3.64,123.0,4350.0,28248.0,medium
66,69,0,106.7,187.5,70.3,54.9,3495,183,21.5,22,25,93.0,0,0,0,0,0,0,0,0,0,1,0,0,0,0,0,0,0,0,0,0,0,0,1,0,0,1,0,1,0,1,0,0,0,0,0,1,1,0,0,0,1,0,0,0,0,1,0,0,0,0,0,0,0,0,1,0,0,0,0,3.58,3.64,123.0,4350.0,28176.0,medium
67,70,-1,115.6,202.6,71.7,56.3,3770,183,21.5,22,25,93.0,0,0,0,0,0,0,0,0,0,1,0,0,0,0,0,0,0,0,0,0,0,0,1,0,0,1,1,0,0,0,0,1,0,0,0,1,1,0,0,0,1,0,0,0,0,1,0,0,0,0,0,0,0,0,1,0,0,0,0,3.58,3.64,123.0,4350.0,31600.0,medium
68,71,-1,115.6,202.6,71.7,56.5,3740,234,8.3,16,18,122.0,0,0,0,0,0,0,0,0,0,1,0,0,0,0,0,0,0,0,0,0,0,0,0,1,1,0,1,0,0,0,0,1,0,0,0,1,1,0,0,0,0,0,1,0,1,0,0,0,0,0,0,0,0,0,0,0,1,0,0,3.46,3.1,155.0,4750.0,34184.0,high
69,72,3,96.6,180.3,70.5,50.8,3685,234,8.3,16,18,142.0,0,0,0,0,0,0,0,0,0,1,0,0,0,0,0,0,0,0,0,0,0,0,0,1,1,0,0,1,1,0,0,0,0,0,0,1,1,0,0,0,0,0,1,0,1,0,0,0,0,0,0,0,0,0,0,0,1,0,0,3.46,3.1,155.0,4750.0,35056.0,high
70,73,0,120.9,208.1,71.7,56.7,3900,308,8.0,14,16,122.0,0,0,0,0,0,0,0,0,0,1,0,0,0,0,0,0,0,0,0,0,0,0,0,1,1,0,1,0,0,0,0,1,0,0,0,1,1,0,0,0,0,0,1,0,1,0,0,0,0,0,0,0,0,0,0,0,1,0,0,3.8,3.35,184.0,4500.0,40960.0,high
71,74,1,112.0,199.2,72.0,55.4,3715,304,8.0,14,16,122.0,0,0,0,0,0,0,0,0,0,1,0,0,0,0,0,0,0,0,0,0,0,0,0,1,1,0,0,1,0,1,0,0,0,0,0,1,1,0,0,0,0,0,1,0,1,0,0,0,0,0,0,0,0,0,0,0,1,0,0,3.8,3.35,184.0,4500.0,45400.0,high
72,75,1,102.7,178.4,68.0,54.8,2910,140,8.0,19,24,122.0,0,0,0,0,0,0,0,0,0,0,1,0,0,0,0,0,0,0,0,0,0,0,0,1,0,1,0,1,0,0,1,0,0,0,0,1,1,0,0,0,1,0,0,0,0,0,1,0,0,0,0,0,0,0,0,0,1,0,0,3.78,3.12,175.0,5000.0,16503.0,low
73,76,2,93.7,157.3,64.4,50.8,1918,92,9.4,37,41,161.0,0,0,0,0,0,0,0,0,0,0,0,1,0,0,0,0,0,0,0,0,0,0,0,1,1,0,0,1,0,0,1,0,0,0,1,0,1,0,0,0,1,0,0,0,0,0,1,0,0,0,0,0,1,0,0,0,0,0,0,2.97,3.23,68.0,5500.0,5389.0,low
74,77,2,93.7,157.3,64.4,50.8,1944,92,9.4,31,38,161.0,0,0,0,0,0,0,0,0,0,0,0,1,0,0,0,0,0,0,0,0,0,0,0,1,1,0,0,1,0,0,1,0,0,0,1,0,1,0,0,0,1,0,0,0,0,0,1,0,0,0,0,0,1,0,0,0,0,0,0,2.97,3.23,68.0,5500.0,6189.0,low
75,78,2,93.7,157.3,64.4,50.8,2004,92,9.4,31,38,161.0,0,0,0,0,0,0,0,0,0,0,0,1,0,0,0,0,0,0,0,0,0,0,0,1,1,0,0,1,0,0,1,0,0,0,1,0,1,0,0,0,1,0,0,0,0,0,1,0,0,0,0,0,1,0,0,0,0,0,0,2.97,3.23,68.0,5500.0,6669.0,low
76,79,1,93.0,157.3,63.8,50.8,2145,98,7.6,24,30,161.0,0,0,0,0,0,0,0,0,0,0,0,1,0,0,0,0,0,0,0,0,0,0,0,1,0,1,0,1,0,0,1,0,0,0,1,0,1,0,0,0,1,0,0,0,0,0,1,0,0,0,0,0,0,0,0,0,0,1,0,3.03,3.39,102.0,5500.0,7689.0,low
77,80,3,96.3,173.0,65.4,49.4,2370,110,7.5,23,30,153.0,0,0,0,0,0,0,0,0,0,0,0,1,0,0,0,0,0,0,0,0,0,0,0,1,0,1,0,1,0,0,1,0,0,0,1,0,1,0,0,0,1,0,0,0,0,0,1,0,0,0,0,0,0,0,0,0,0,1,0,3.17,3.46,116.0,5500.0,9959.0,low
78,81,3,96.3,173.0,65.4,49.4,2328,122,8.5,25,32,153.0,0,0,0,0,0,0,0,0,0,0,0,1,0,0,0,0,0,0,0,0,0,0,0,1,1,0,0,1,0,0,1,0,0,0,1,0,1,0,0,0,1,0,0,0,0,0,1,0,0,0,0,0,1,0,0,0,0,0,0,3.35,3.46,88.0,5000.0,8499.0,low
79,82,3,95.9,173.2,66.3,50.2,2833,156,7.0,19,24,122.0,0,0,0,0,0,0,0,0,0,0,0,1,0,0,0,0,0,0,0,0,0,0,0,1,0,1,0,1,0,0,1,0,0,0,1,0,1,0,0,0,1,0,0,0,0,0,1,0,0,0,0,0,0,0,0,0,0,1,0,3.58,3.86,145.0,5000.0,12629.0,low
80,83,3,95.9,173.2,66.3,50.2,2921,156,7.0,19,24,122.0,0,0,0,0,0,0,0,0,0,0,0,1,0,0,0,0,0,0,0,0,0,0,0,1,0,1,0,1,0,0,1,0,0,0,1,0,1,0,0,0,1,0,0,0,0,0,1,0,0,0,0,0,0,0,0,0,0,1,0,3.59,3.86,145.0,5000.0,14869.0,low
81,84,3,95.9,173.2,66.3,50.2,2926,156,7.0,19,24,122.0,0,0,0,0,0,0,0,0,0,0,0,1,0,0,0,0,0,0,0,0,0,0,0,1,0,1,0,1,0,0,1,0,0,0,1,0,1,0,0,0,1,0,0,0,0,0,1,0,0,0,0,0,0,0,0,0,0,1,0,3.59,3.86,145.0,5000.0,14489.0,low
82,85,1,96.3,172.4,65.4,51.6,2365,122,8.5,25,32,125.0,0,0,0,0,0,0,0,0,0,0,0,1,0,0,0,0,0,0,0,0,0,0,0,1,1,0,1,0,0,0,0,1,0,0,1,0,1,0,0,0,1,0,0,0,0,0,1,0,0,0,0,0,1,0,0,0,0,0,0,3.35,3.46,88.0,5000.0,6989.0,low
83,86,1,96.3,172.4,65.4,51.6,2405,122,8.5,25,32,125.0,0,0,0,0,0,0,0,0,0,0,0,1,0,0,0,0,0,0,0,0,0,0,0,1,1,0,1,0,0,0,0,1,0,0,1,0,1,0,0,0,1,0,0,0,0,0,1,0,0,0,0,0,1,0,0,0,0,0,0,3.35,3.46,88.0,5000.0,8189.0,low
84,87,1,96.3,172.4,65.4,51.6,2403,110,7.5,23,30,125.0,0,0,0,0,0,0,0,0,0,0,0,1,0,0,0,0,0,0,0,0,0,0,0,1,0,1,1,0,0,0,0,1,0,0,1,0,1,0,0,0,1,0,0,0,0,0,1,0,0,0,0,0,0,0,0,0,0,1,0,3.17,3.46,116.0,5500.0,9279.0,low
85,88,-1,96.3,172.4,65.4,51.6,2403,110,7.5,23,30,137.0,0,0,0,0,0,0,0,0,0,0,0,1,0,0,0,0,0,0,0,0,0,0,0,1,1,0,1,0,0,0,0,1,0,0,1,0,1,0,0,0,1,0,0,0,0,0,1,0,0,0,0,0,0,0,0,0,0,1,0,3.17,3.46,116.0,5500.0,9279.0,low
86,89,1,94.5,165.3,63.8,54.5,1889,97,9.4,31,37,128.0,0,0,0,0,0,0,0,0,0,0,0,0,1,0,0,0,0,0,0,0,0,0,0,1,1,0,0,1,0,0,0,1,0,0,1,0,1,0,0,0,1,0,0,0,0,0,1,0,0,0,0,0,1,0,0,0,0,0,0,3.15,3.29,69.0,5200.0,5499.0,low
87,90,1,94.5,165.3,63.8,54.5,2017,103,21.9,45,50,128.0,0,0,0,0,0,0,0,0,0,0,0,0,1,0,0,0,0,0,0,0,0,0,1,0,1,0,0,1,0,0,0,1,0,0,1,0,1,0,0,0,1,0,0,0,0,0,1,0,0,0,0,0,0,0,1,0,0,0,0,2.99,3.47,55.0,4800.0,7099.0,low
88,91,1,94.5,165.3,63.8,54.5,1918,97,9.4,31,37,128.0,0,0,0,0,0,0,0,0,0,0,0,0,1,0,0,0,0,0,0,0,0,0,0,1,1,0,0,1,0,0,0,1,0,0,1,0,1,0,0,0,1,0,0,0,0,0,1,0,0,0,0,0,1,0,0,0,0,0,0,3.15,3.29,69.0,5200.0,6649.0,low
89,92,1,94.5,165.3,63.8,54.5,1938,97,9.4,31,37,122.0,0,0,0,0,0,0,0,0,0,0,0,0,1,0,0,0,0,0,0,0,0,0,0,1,1,0,1,0,0,0,0,1,0,0,1,0,1,0,0,0,1,0,0,0,0,0,1,0,0,0,0,0,1,0,0,0,0,0,0,3.15,3.29,69.0,5200.0,6849.0,low
90,93,1,94.5,170.2,63.8,53.5,2024,97,9.4,31,37,103.0,0,0,0,0,0,0,0,0,0,0,0,0,1,0,0,0,0,0,0,0,0,0,0,1,1,0,1,0,0,0,0,0,1,0,1,0,1,0,0,0,1,0,0,0,0,0,1,0,0,0,0,0,1,0,0,0,0,0,0,3.15,3.29,69.0,5200.0,7349.0,low
91,94,1,94.5,165.3,63.8,54.5,1951,97,9.4,31,37,128.0,0,0,0,0,0,0,0,0,0,0,0,0,1,0,0,0,0,0,0,0,0,0,0,1,1,0,0,1,0,0,0,1,0,0,1,0,1,0,0,0,1,0,0,0,0,0,1,0,0,0,0,0,1,0,0,0,0,0,0,3.15,3.29,69.0,5200.0,7299.0,low
92,95,1,94.5,165.6,63.8,53.3,2028,97,9.4,31,37,128.0,0,0,0,0,0,0,0,0,0,0,0,0,1,0,0,0,0,0,0,0,0,0,0,1,1,0,0,1,0,0,1,0,0,0,1,0,1,0,0,0,1,0,0,0,0,0,1,0,0,0,0,0,1,0,0,0,0,0,0,3.15,3.29,69.0,5200.0,7799.0,low
93,96,1,94.5,165.3,63.8,54.5,1971,97,9.4,31,37,122.0,0,0,0,0,0,0,0,0,0,0,0,0,1,0,0,0,0,0,0,0,0,0,0,1,1,0,1,0,0,0,0,1,0,0,1,0,1,0,0,0,1,0,0,0,0,0,1,0,0,0,0,0,1,0,0,0,0,0,0,3.15,3.29,69.0,5200.0,7499.0,low
94,97,1,94.5,170.2,63.8,53.5,2037,97,9.4,31,37,103.0,0,0,0,0,0,0,0,0,0,0,0,0,1,0,0,0,0,0,0,0,0,0,0,1,1,0,1,0,0,0,0,0,1,0,1,0,1,0,0,0,1,0,0,0,0,0,1,0,0,0,0,0,1,0,0,0,0,0,0,3.15,3.29,69.0,5200.0,7999.0,low
95,98,2,95.1,162.4,63.8,53.3,2008,97,9.4,31,37,168.0,0,0,0,0,0,0,0,0,0,0,0,0,1,0,0,0,0,0,0,0,0,0,0,1,1,0,0,1,0,1,0,0,0,0,1,0,1,0,0,0,1,0,0,0,0,0,1,0,0,0,0,0,1,0,0,0,0,0,0,3.15,3.29,69.0,5200.0,8249.0,low
96,99,0,97.2,173.4,65.2,54.7,2324,120,8.5,27,34,106.0,0,0,0,0,0,0,0,0,0,0,0,0,1,0,0,0,0,0,0,0,0,0,0,1,1,0,1,0,0,0,1,0,0,0,1,0,1,0,0,0,1,0,0,0,0,0,1,0,0,0,0,0,1,0,0,0,0,0,0,3.33,3.47,97.0,5200.0,8949.0,low
97,100,0,97.2,173.4,65.2,54.7,2302,120,8.5,27,34,106.0,0,0,0,0,0,0,0,0,0,0,0,0,1,0,0,0,0,0,0,0,0,0,0,1,1,0,1,0,0,0,0,1,0,0,1,0,1,0,0,0,1,0,0,0,0,0,1,0,0,0,0,0,1,0,0,0,0,0,0,3.33,3.47,97.0,5200.0,9549.0,low
98,101,0,100.4,181.7,66.5,55.1,3095,181,9.0,17,22,128.0,0,0,0,0,0,0,0,0,0,0,0,0,1,0,0,0,0,0,0,0,0,0,0,1,1,0,1,0,0,0,0,1,0,0,1,0,1,0,0,0,0,0,1,0,0,0,0,1,0,0,0,0,0,0,0,0,1,0,0,3.43,3.27,152.0,5200.0,13499.0,low
99,102,0,100.4,184.6,66.5,56.1,3296,181,9.0,17,22,108.0,0,0,0,0,0,0,0,0,0,0,0,0,1,0,0,0,0,0,0,0,0,0,0,1,1,0,1,0,0,0,0,0,1,0,1,0,1,0,0,0,0,0,1,0,0,0,0,1,0,0,0,0,0,0,0,0,1,0,0,3.43,3.27,152.0,5200.0,14399.0,low
100,103,0,100.4,184.6,66.5,55.1,3060,181,9.0,19,25,108.0,0,0,0,0,0,0,0,0,0,0,0,0,1,0,0,0,0,0,0,0,0,0,0,1,1,0,1,0,0,0,0,1,0,0,1,0,1,0,0,0,0,0,1,0,0,0,0,1,0,0,0,0,0,0,0,0,1,0,0,3.43,3.27,152.0,5200.0,13499.0,low
101,104,3,91.3,170.7,67.9,49.7,3071,181,9.0,19,25,194.0,0,0,0,0,0,0,0,0,0,0,0,0,1,0,0,0,0,0,0,0,0,0,0,1,1,0,0,1,0,0,1,0,0,0,0,1,1,0,0,0,0,0,1,0,0,0,0,1,0,0,0,0,0,0,0,0,1,0,0,3.43,3.27,160.0,5200.0,17199.0,low
102,105,3,91.3,170.7,67.9,49.7,3139,181,7.8,17,23,194.0,0,0,0,0,0,0,0,0,0,0,0,0,1,0,0,0,0,0,0,0,0,0,0,1,0,1,0,1,0,0,1,0,0,0,0,1,1,0,0,0,0,0,1,0,0,0,0,1,0,0,0,0,0,0,0,0,1,0,0,3.43,3.27,200.0,5200.0,19699.0,medium
103,106,1,99.2,178.5,67.9,49.7,3139,181,9.0,19,25,231.0,0,0,0,0,0,0,0,0,0,0,0,0,1,0,0,0,0,0,0,0,0,0,0,1,1,0,0,1,0,0,1,0,0,0,0,1,1,0,0,0,0,0,1,0,0,0,0,1,0,0,0,0,0,0,0,0,1,0,0,3.43,3.27,160.0,5200.0,18399.0,low
104,107,0,107.9,186.7,68.4,56.7,3020,120,8.4,19,24,161.0,0,0,0,0,0,0,0,0,0,0,0,0,0,1,0,0,0,0,0,0,0,0,0,1,1,0,1,0,0,0,0,1,0,0,0,1,1,0,0,1,0,0,0,0,0,0,1,0,0,0,0,0,0,0,0,0,1,0,0,3.46,3.19,97.0,5000.0,11900.0,low
105,108,0,107.9,186.7,68.4,56.7,3197,152,21.0,28,33,161.0,0,0,0,0,0,0,0,0,0,0,0,0,0,1,0,0,0,0,0,0,0,0,1,0,0,1,1,0,0,0,0,1,0,0,0,1,1,0,0,1,0,0,0,0,0,0,1,0,0,0,0,0,0,0,1,0,0,0,0,3.7,3.52,95.0,4150.0,13200.0,low
106,109,0,114.2,198.9,68.4,58.7,3230,120,8.4,19,24,122.0,0,0,0,0,0,0,0,0,0,0,0,0,0,1,0,0,0,0,0,0,0,0,0,1,1,0,1,0,0,0,0,0,1,0,0,1,1,0,0,1,0,0,0,0,0,0,1,0,0,0,0,0,0,0,0,0,1,0,0,3.46,3.19,97.0,5000.0,12440.0,low
107,110,0,114.2,198.9,68.4,58.7,3430,152,21.0,25,25,122.0,0,0,0,0,0,0,0,0,0,0,0,0,0,1,0,0,0,0,0,0,0,0,1,0,0,1,1,0,0,0,0,0,1,0,0,1,1,0,0,1,0,0,0,0,0,0,1,0,0,0,0,0,0,0,1,0,0,0,0,3.7,3.52,95.0,4150.0,13860.0,low
108,111,0,107.9,186.7,68.4,56.7,3075,120,8.4,19,24,161.0,0,0,0,0,0,0,0,0,0,0,0,0,0,1,0,0,0,0,0,0,0,0,0,1,1,0,1,0,0,0,0,1,0,0,0,1,1,0,0,1,0,0,0,0,0,0,1,0,0,0,0,0,0,0,0,0,1,0,0,3.46,2.19,95.0,5000.0,15580.0,low
109,112,0,107.9,186.7,68.4,56.7,3252,152,21.0,28,33,161.0,0,0,0,0,0,0,0,0,0,0,0,0,0,1,0,0,0,0,0,0,0,0,1,0,0,1,1,0,0,0,0,1,0,0,0,1,1,0,0,1,0,0,0,0,0,0,1,0,0,0,0,0,0,0,1,0,0,0,0,3.7,3.52,95.0,4150.0,16900.0,low
110,113,0,114.2,198.9,68.4,56.7,3285,120,8.4,19,24,122.0,0,0,0,0,0,0,0,0,0,0,0,0,0,1,0,0,0,0,0,0,0,0,0,1,1,0,1,0,0,0,0,0,1,0,0,1,1,0,0,1,0,0,0,0,0,0,1,0,0,0,0,0,0,0,0,0,1,0,0,3.46,2.19,95.0,5000.0,16695.0,low
111,114,0,114.2,198.9,68.4,58.7,3485,152,21.0,25,25,122.0,0,0,0,0,0,0,0,0,0,0,0,0,0,1,0,0,0,0,0,0,0,0,1,0,0,1,1,0,0,0,0,0,1,0,0,1,1,0,0,1,0,0,0,0,0,0,1,0,0,0,0,0,0,0,1,0,0,0,0,3.7,3.52,95.0,4150.0,17075.0,low
112,115,0,107.9,186.7,68.4,56.7,3075,120,8.4,19,24,161.0,0,0,0,0,0,0,0,0,0,0,0,0,0,1,0,0,0,0,0,0,0,0,0,1,1,0,1,0,0,0,0,1,0,0,0,1,1,0,0,1,0,0,0,0,0,0,1,0,0,0,0,0,0,0,0,0,1,0,0,3.46,3.19,97.0,5000.0,16630.0,low
113,116,0,107.9,186.7,68.4,56.7,3252,152,21.0,28,33,161.0,0,0,0,0,0,0,0,0,0,0,0,0,0,1,0,0,0,0,0,0,0,0,1,0,0,1,1,0,0,0,0,1,0,0,0,1,1,0,0,1,0,0,0,0,0,0,1,0,0,0,0,0,0,0,1,0,0,0,0,3.7,3.52,95.0,4150.0,17950.0,low
114,117,0,108.0,186.7,68.3,56.0,3130,134,7.0,18,24,161.0,0,0,0,0,0,0,0,0,0,0,0,0,0,1,0,0,0,0,0,0,0,0,0,1,0,1,1,0,0,0,0,1,0,0,0,1,1,0,0,1,0,0,0,0,0,0,1,0,0,0,0,0,0,0,0,0,1,0,0,3.61,3.21,142.0,5600.0,18150.0,low
115,118,1,93.7,157.3,63.8,50.8,1918,90,9.4,37,41,119.0,0,0,0,0,0,0,0,0,0,0,0,0,0,0,1,0,0,0,0,0,0,0,0,1,1,0,0,1,0,0,1,0,0,0,1,0,1,0,0,0,1,0,0,0,0,0,1,0,0,0,0,0,1,0,0,0,0,0,0,2.97,3.23,68.0,5500.0,5572.0,low
116,119,1,93.7,157.3,63.8,50.8,2128,98,7.6,24,30,119.0,0,0,0,0,0,0,0,0,0,0,0,0,0,0,1,0,0,0,0,0,0,0,0,1,0,1,0,1,0,0,1,0,0,0,1,0,1,0,0,0,1,0,0,0,0,0,1,0,0,0,0,0,0,0,0,0,0,1,0,3.03,3.39,102.0,5500.0,7957.0,low
117,120,1,93.7,157.3,63.8,50.6,1967,90,9.4,31,38,154.0,0,0,0,0,0,0,0,0,0,0,0,0,0,0,1,0,0,0,0,0,0,0,0,1,1,0,1,0,0,0,1,0,0,0,1,0,1,0,0,0,1,0,0,0,0,0,1,0,0,0,0,0,1,0,0,0,0,0,0,2.97,3.23,68.0,5500.0,6229.0,low
118,121,1,93.7,167.3,63.8,50.8,1989,90,9.4,31,38,154.0,0,0,0,0,0,0,0,0,0,0,0,0,0,0,1,0,0,0,0,0,0,0,0,1,1,0,1,0,0,0,0,1,0,0,1,0,1,0,0,0,1,0,0,0,0,0,1,0,0,0,0,0,1,0,0,0,0,0,0,2.97,3.23,68.0,5500.0,6692.0,low
119,122,1,93.7,167.3,63.8,50.8,2191,98,9.4,31,38,154.0,0,0,0,0,0,0,0,0,0,0,0,0,0,0,1,0,0,0,0,0,0,0,0,1,1,0,1,0,0,0,0,1,0,0,1,0,1,0,0,0,1,0,0,0,0,0,1,0,0,0,0,0,1,0,0,0,0,0,0,2.97,3.23,68.0,5500.0,7609.0,low
120,123,-1,103.3,174.6,64.6,59.8,2535,122,8.5,24,30,74.0,0,0,0,0,0,0,0,0,0,0,0,0,0,0,1,0,0,0,0,0,0,0,0,1,1,0,1,0,0,0,0,0,1,0,1,0,1,0,0,0,1,0,0,0,0,0,1,0,0,0,0,0,1,0,0,0,0,0,0,3.35,3.46,88.0,5000.0,8921.0,low
121,124,3,95.9,173.2,66.3,50.2,2818,156,7.0,19,24,122.0,0,0,0,0,0,0,0,0,0,0,0,0,0,0,1,0,0,0,0,0,0,0,0,1,0,1,0,1,0,0,1,0,0,0,0,1,1,0,0,0,1,0,0,0,0,0,1,0,0,0,0,0,0,0,0,0,0,1,0,3.59,3.86,145.0,5000.0,12764.0,low
122,125,3,94.5,168.9,68.3,50.2,2778,151,9.5,19,27,186.0,0,0,0,0,0,0,0,0,0,0,0,0,0,0,0,1,0,0,0,0,0,0,0,1,1,0,0,1,0,0,1,0,0,0,0,1,1,0,0,0,1,0,0,0,0,0,1,0,0,0,0,0,0,0,0,0,1,0,0,3.94,3.11,143.0,5500.0,22018.0,medium
123,126,3,89.5,168.9,65.0,51.6,2756,194,9.5,17,25,122.0,0,0,0,0,0,0,0,0,0,0,0,0,0,0,0,1,0,0,0,0,0,0,0,1,1,0,0,1,0,1,0,0,0,0,0,1,0,1,0,0,0,1,0,0,0,0,0,1,0,0,0,0,0,0,0,0,1,0,0,3.74,2.9,207.0,5900.0,32528.0,high
124,127,3,89.5,168.9,65.0,51.6,2756,194,9.5,17,25,122.0,0,0,0,0,0,0,0,0,0,0,0,0,0,0,0,1,0,0,0,0,0,0,0,1,1,0,0,1,0,1,0,0,0,0,0,1,0,1,0,0,0,1,0,0,0,0,0,1,0,0,0,0,0,0,0,0,1,0,0,3.74,2.9,207.0,5900.0,34028.0,high
125,128,3,89.5,168.9,65.0,51.6,2800,194,9.5,17,25,122.0,0,0,0,0,0,0,0,0,0,0,0,0,0,0,0,1,0,0,0,0,0,0,0,1,1,0,0,1,1,0,0,0,0,0,0,1,0,1,0,0,0,1,0,0,0,0,0,1,0,0,0,0,0,0,0,0,1,0,0,3.74,2.9,207.0,5900.0,37028.0,high
126,130,0,96.1,181.5,66.5,55.2,2579,132,8.7,23,31,122.0,0,0,0,0,0,0,0,0,0,0,0,0,0,0,0,0,1,0,0,0,0,0,0,1,1,0,1,0,0,0,0,0,1,0,1,0,1,0,0,0,1,0,0,0,0,0,1,0,0,0,0,0,0,0,0,0,1,0,0,3.46,3.9,103.0,5117.0,9295.0,low
127,131,2,96.1,176.8,66.6,50.5,2460,132,8.7,23,31,122.0,0,0,0,0,0,0,0,0,0,0,0,0,0,0,0,0,1,0,0,0,0,0,0,1,1,0,0,1,0,0,1,0,0,0,1,0,1,0,0,0,1,0,0,0,0,0,1,0,0,0,0,0,0,0,0,0,1,0,0,3.46,3.9,103.0,5117.0,9895.0,low
128,132,3,99.1,186.6,66.5,56.1,2658,121,9.31,21,28,150.0,0,0,0,0,0,0,0,0,0,0,0,0,0,0,0,0,0,1,0,0,0,0,0,1,1,0,0,1,0,0,1,0,0,0,1,0,1,0,0,0,1,0,0,0,0,0,1,0,0,0,0,0,0,0,0,0,1,0,0,3.54,3.07,110.0,5250.0,11850.0,low
129,133,2,99.1,186.6,66.5,56.1,2695,121,9.3,21,28,104.0,0,0,0,0,0,0,0,0,0,0,0,0,0,0,0,0,0,1,0,0,0,0,0,1,1,0,1,0,0,0,0,1,0,0,1,0,1,0,0,0,1,0,0,0,0,0,1,0,0,0,0,0,0,0,0,0,1,0,0,3.54,3.07,110.0,5250.0,12170.0,low
130,134,3,99.1,186.6,66.5,56.1,2707,121,9.3,21,28,150.0,0,0,0,0,0,0,0,0,0,0,0,0,0,0,0,0,0,1,0,0,0,0,0,1,1,0,0,1,0,0,1,0,0,0,1,0,1,0,0,0,1,0,0,0,0,0,1,0,0,0,0,0,0,0,0,0,1,0,0,2.54,2.07,110.0,5250.0,15040.0,low
131,135,2,99.1,186.6,66.5,56.1,2758,121,9.3,21,28,104.0,0,0,0,0,0,0,0,0,0,0,0,0,0,0,0,0,0,1,0,0,0,0,0,1,1,0,1,0,0,0,0,1,0,0,1,0,1,0,0,0,1,0,0,0,0,0,1,0,0,0,0,0,0,0,0,0,1,0,0,3.54,3.07,110.0,5250.0,15510.0,low
132,136,3,99.1,186.6,66.5,56.1,2808,121,9.0,19,26,150.0,0,0,0,0,0,0,0,0,0,0,0,0,0,0,0,0,0,1,0,0,0,0,0,1,0,1,0,1,0,0,1,0,0,0,1,0,1,0,1,0,0,0,0,0,0,0,1,0,0,0,0,0,0,0,0,0,1,0,0,3.54,3.07,160.0,5500.0,18150.0,low
133,137,2,99.1,186.6,66.5,56.1,2847,121,9.0,19,26,104.0,0,0,0,0,0,0,0,0,0,0,0,0,0,0,0,0,0,1,0,0,0,0,0,1,0,1,1,0,0,0,0,1,0,0,1,0,1,0,1,0,0,0,0,0,0,0,1,0,0,0,0,0,0,0,0,0,1,0,0,3.54,3.07,160.0,5500.0,18620.0,medium
134,138,2,93.7,156.9,63.4,53.7,2050,97,9.0,31,36,83.0,0,0,0,0,0,0,0,0,0,0,0,0,0,0,0,0,0,0,1,0,0,0,0,1,1,0,0,1,0,0,1,0,0,0,1,0,1,0,0,0,0,1,0,0,0,0,1,0,0,0,0,0,1,0,0,0,0,0,0,3.62,2.36,69.0,4900.0,5118.0,low
135,139,2,93.7,157.9,63.6,53.7,2120,108,8.7,26,31,83.0,0,0,0,0,0,0,0,0,0,0,0,0,0,0,0,0,0,0,1,0,0,0,0,1,1,0,0,1,0,0,1,0,0,0,1,0,1,0,0,0,0,1,0,0,0,0,1,0,0,0,0,0,1,0,0,0,0,0,0,3.62,2.64,73.0,4400.0,7053.0,low
136,140,2,93.3,157.3,63.8,55.7,2240,108,8.7,26,31,83.0,0,0,0,0,0,0,0,0,0,0,0,0,0,0,0,0,0,0,1,0,0,0,0,1,1,0,0,1,0,0,1,0,0,1,0,0,1,0,0,0,0,1,0,0,0,0,1,0,0,0,0,0,1,0,0,0,0,0,0,3.62,2.64,73.0,4400.0,7603.0,low
137,141,0,97.2,172.0,65.4,52.5,2145,108,9.5,32,37,102.0,0,0,0,0,0,0,0,0,0,0,0,0,0,0,0,0,0,0,1,0,0,0,0,1,1,0,1,0,0,0,0,1,0,0,1,0,1,0,0,0,0,1,0,0,0,0,1,0,0,0,0,0,1,0,0,0,0,0,0,3.62,2.64,82.0,4800.0,7126.0,low
138,142,0,97.2,172.0,65.4,52.5,2190,108,9.5,28,33,102.0,0,0,0,0,0,0,0,0,0,0,0,0,0,0,0,0,0,0,1,0,0,0,0,1,1,0,1,0,0,0,0,1,0,0,1,0,1,0,0,0,0,1,0,0,0,0,1,0,0,0,0,0,1,0,0,0,0,0,0,3.62,2.64,82.0,4400.0,7775.0,low
139,143,0,97.2,172.0,65.4,52.5,2340,108,9.0,26,32,102.0,0,0,0,0,0,0,0,0,0,0,0,0,0,0,0,0,0,0,1,0,0,0,0,1,1,0,1,0,0,0,0,1,0,0,1,0,1,0,0,0,0,1,0,0,0,0,1,0,0,0,0,0,0,0,0,0,1,0,0,3.62,2.64,94.0,5200.0,9960.0,low
140,144,0,97.0,172.0,65.4,54.3,2385,108,9.0,24,25,102.0,0,0,0,0,0,0,0,0,0,0,0,0,0,0,0,0,0,0,1,0,0,0,0,1,1,0,1,0,0,0,0,1,0,1,0,0,1,0,0,0,0,1,0,0,0,0,1,0,0,0,0,0,1,0,0,0,0,0,0,3.62,2.64,82.0,4800.0,9233.0,low
141,145,0,97.0,172.0,65.4,54.3,2510,108,7.7,24,29,102.0,0,0,0,0,0,0,0,0,0,0,0,0,0,0,0,0,0,0,1,0,0,0,0,1,0,1,1,0,0,0,0,1,0,1,0,0,1,0,0,0,0,1,0,0,0,0,1,0,0,0,0,0,0,0,0,0,1,0,0,3.62,2.64,111.0,4800.0,11259.0,low
142,146,0,97.0,173.5,65.4,53.0,2290,108,9.0,28,32,89.0,0,0,0,0,0,0,0,0,0,0,0,0,0,0,0,0,0,0,1,0,0,0,0,1,1,0,1,0,0,0,0,0,1,0,1,0,1,0,0,0,0,1,0,0,0,0,1,0,0,0,0,0,1,0,0,0,0,0,0,3.62,2.64,82.0,4800.0,7463.0,low
143,147,0,97.0,173.5,65.4,53.0,2455,108,9.0,25,31,89.0,0,0,0,0,0,0,0,0,0,0,0,0,0,0,0,0,0,0,1,0,0,0,0,1,1,0,1,0,0,0,0,0,1,0,1,0,1,0,0,0,0,1,0,0,0,0,1,0,0,0,0,0,0,0,0,0,1,0,0,3.62,2.64,94.0,5200.0,10198.0,low
144,148,0,96.9,173.6,65.4,54.9,2420,108,9.0,23,29,85.0,0,0,0,0,0,0,0,0,0,0,0,0,0,0,0,0,0,0,1,0,0,0,0,1,1,0,1,0,0,0,0,0,1,1,0,0,1,0,0,0,0,1,0,0,0,0,1,0,0,0,0,0,1,0,0,0,0,0,0,3.62,2.64,82.0,4800.0,8013.0,low
145,149,0,96.9,173.6,65.4,54.9,2650,108,7.7,23,23,85.0,0,0,0,0,0,0,0,0,0,0,0,0,0,0,0,0,0,0,1,0,0,0,0,1,0,1,1,0,0,0,0,0,1,1,0,0,1,0,0,0,0,1,0,0,0,0,1,0,0,0,0,0,0,0,0,0,1,0,0,3.62,2.64,111.0,4800.0,11694.0,low
146,150,1,95.7,158.7,63.6,54.5,1985,92,9.0,35,39,87.0,0,0,0,0,0,0,0,0,0,0,0,0,0,0,0,0,0,0,0,1,0,0,0,1,1,0,0,1,0,0,1,0,0,0,1,0,1,0,0,0,1,0,0,0,0,0,1,0,0,0,0,0,1,0,0,0,0,0,0,3.05,3.03,62.0,4800.0,5348.0,low
147,151,1,95.7,158.7,63.6,54.5,2040,92,9.0,31,38,87.0,0,0,0,0,0,0,0,0,0,0,0,0,0,0,0,0,0,0,0,1,0,0,0,1,1,0,0,1,0,0,1,0,0,0,1,0,1,0,0,0,1,0,0,0,0,0,1,0,0,0,0,0,1,0,0,0,0,0,0,3.05,3.03,62.0,4800.0,6338.0,low
148,152,1,95.7,158.7,63.6,54.5,2015,92,9.0,31,38,74.0,0,0,0,0,0,0,0,0,0,0,0,0,0,0,0,0,0,0,0,1,0,0,0,1,1,0,1,0,0,0,1,0,0,0,1,0,1,0,0,0,1,0,0,0,0,0,1,0,0,0,0,0,1,0,0,0,0,0,0,3.05,3.03,62.0,4800.0,6488.0,low
149,153,0,95.7,169.7,63.6,59.1,2280,92,9.0,31,37,77.0,0,0,0,0,0,0,0,0,0,0,0,0,0,0,0,0,0,0,0,1,0,0,0,1,1,0,1,0,0,0,0,0,1,0,1,0,1,0,0,0,1,0,0,0,0,0,1,0,0,0,0,0,1,0,0,0,0,0,0,3.05,3.03,62.0,4800.0,6918.0,low
150,154,0,95.7,169.7,63.6,59.1,2290,92,9.0,27,32,81.0,0,0,0,0,0,0,0,0,0,0,0,0,0,0,0,0,0,0,0,1,0,0,0,1,1,0,1,0,0,0,0,0,1,1,0,0,1,0,0,0,1,0,0,0,0,0,1,0,0,0,0,0,1,0,0,0,0,0,0,3.05,3.03,62.0,4800.0,7898.0,low
151,155,0,95.7,169.7,63.6,59.1,3110,92,9.0,27,32,91.0,0,0,0,0,0,0,0,0,0,0,0,0,0,0,0,0,0,0,0,1,0,0,0,1,1,0,1,0,0,0,0,0,1,1,0,0,1,0,0,0,1,0,0,0,0,0,1,0,0,0,0,0,1,0,0,0,0,0,0,3.05,3.03,62.0,4800.0,8778.0,low
152,156,0,95.7,166.3,64.4,53.0,2081,98,9.0,30,37,91.0,0,0,0,0,0,0,0,0,0,0,0,0,0,0,0,0,0,0,0,1,0,0,0,1,1,0,1,0,0,0,0,1,0,0,1,0,1,0,0,0,1,0,0,0,0,0,1,0,0,0,0,0,1,0,0,0,0,0,0,3.19,3.03,70.0,4800.0,6938.0,low
153,157,0,95.7,166.3,64.4,52.8,2109,98,9.0,30,37,91.0,0,0,0,0,0,0,0,0,0,0,0,0,0,0,0,0,0,0,0,1,0,0,0,1,1,0,1,0,0,0,1,0,0,0,1,0,1,0,0,0,1,0,0,0,0,0,1,0,0,0,0,0,1,0,0,0,0,0,0,3.19,3.03,70.0,4800.0,7198.0,low
154,158,0,95.7,166.3,64.4,53.0,2275,110,22.5,34,36,91.0,0,0,0,0,0,0,0,0,0,0,0,0,0,0,0,0,0,0,0,1,0,0,1,0,1,0,1,0,0,0,0,1,0,0,1,0,1,0,0,0,1,0,0,0,0,0,1,0,0,0,0,0,0,0,1,0,0,0,0,3.27,3.35,56.0,4500.0,7898.0,low
155,159,0,95.7,166.3,64.4,52.8,2275,110,22.5,38,47,91.0,0,0,0,0,0,0,0,0,0,0,0,0,0,0,0,0,0,0,0,1,0,0,1,0,1,0,1,0,0,0,1,0,0,0,1,0,1,0,0,0,1,0,0,0,0,0,1,0,0,0,0,0,0,0,1,0,0,0,0,3.27,3.35,56.0,4500.0,7788.0,low
156,160,0,95.7,166.3,64.4,53.0,2094,98,9.0,38,47,91.0,0,0,0,0,0,0,0,0,0,0,0,0,0,0,0,0,0,0,0,1,0,0,0,1,1,0,1,0,0,0,0,1,0,0,1,0,1,0,0,0,1,0,0,0,0,0,1,0,0,0,0,0,1,0,0,0,0,0,0,3.19,3.03,70.0,4800.0,7738.0,low
157,161,0,95.7,166.3,64.4,52.8,2122,98,9.0,28,34,91.0,0,0,0,0,0,0,0,0,0,0,0,0,0,0,0,0,0,0,0,1,0,0,0,1,1,0,1,0,0,0,1,0,0,0,1,0,1,0,0,0,1,0,0,0,0,0,1,0,0,0,0,0,1,0,0,0,0,0,0,3.19,3.03,70.0,4800.0,8358.0,low
158,162,0,95.7,166.3,64.4,52.8,2140,98,9.0,28,34,91.0,0,0,0,0,0,0,0,0,0,0,0,0,0,0,0,0,0,0,0,1,0,0,0,1,1,0,1,0,0,0,0,1,0,0,1,0,1,0,0,0,1,0,0,0,0,0,1,0,0,0,0,0,1,0,0,0,0,0,0,3.19,3.03,70.0,4800.0,9258.0,low
159,163,1,94.5,168.7,64.0,52.6,2169,98,9.0,29,34,168.0,0,0,0,0,0,0,0,0,0,0,0,0,0,0,0,0,0,0,0,1,0,0,0,1,1,0,0,1,0,0,0,1,0,0,0,1,1,0,0,0,1,0,0,0,0,0,1,0,0,0,0,0,1,0,0,0,0,0,0,3.19,3.03,70.0,4800.0,8058.0,low
160,164,1,94.5,168.7,64.0,52.6,2204,98,9.0,29,34,168.0,0,0,0,0,0,0,0,0,0,0,0,0,0,0,0,0,0,0,0,1,0,0,0,1,1,0,0,1,0,0,1,0,0,0,0,1,1,0,0,0,1,0,0,0,0,0,1,0,0,0,0,0,1,0,0,0,0,0,0,3.19,3.03,70.0,4800.0,8238.0,low
161,165,1,94.5,168.7,64.0,52.6,2265,98,9.4,26,29,168.0,0,0,0,0,0,0,0,0,0,0,0,0,0,0,0,0,0,0,0,1,0,0,0,1,1,0,0,1,0,0,0,1,0,0,0,1,1,0,1,0,0,0,0,0,0,0,1,0,0,0,0,0,0,0,0,0,1,0,0,3.24,3.08,112.0,6600.0,9298.0,low
162,166,1,94.5,168.7,64.0,52.6,2300,98,9.4,26,29,168.0,0,0,0,0,0,0,0,0,0,0,0,0,0,0,0,0,0,0,0,1,0,0,0,1,1,0,0,1,0,0,1,0,0,0,0,1,1,0,1,0,0,0,0,0,0,0,1,0,0,0,0,0,0,0,0,0,1,0,0,3.24,3.08,112.0,6600.0,9538.0,low
163,167,2,98.4,176.2,65.6,52.0,2540,146,9.3,24,30,134.0,0,0,0,0,0,0,0,0,0,0,0,0,0,0,0,0,0,0,0,1,0,0,0,1,1,0,0,1,0,1,0,0,0,0,0,1,1,0,0,0,1,0,0,0,0,0,1,0,0,0,0,0,0,0,0,0,1,0,0,3.62,3.5,116.0,4800.0,8449.0,low
164,168,2,98.4,176.2,65.6,52.0,2536,146,9.3,24,30,134.0,0,0,0,0,0,0,0,0,0,0,0,0,0,0,0,0,0,0,0,1,0,0,0,1,1,0,0,1,0,1,0,0,0,0,0,1,1,0,0,0,1,0,0,0,0,0,1,0,0,0,0,0,0,0,0,0,1,0,0,3.62,3.5,116.0,4800.0,9639.0,low
165,169,2,98.4,176.2,65.6,52.0,2551,146,9.3,24,30,134.0,0,0,0,0,0,0,0,0,0,0,0,0,0,0,0,0,0,0,0,1,0,0,0,1,1,0,0,1,0,0,1,0,0,0,0,1,1,0,0,0,1,0,0,0,0,0,1,0,0,0,0,0,0,0,0,0,1,0,0,3.62,3.5,116.0,4800.0,9989.0,low
166,170,2,98.4,176.2,65.6,52.0,2679,146,9.3,24,30,134.0,0,0,0,0,0,0,0,0,0,0,0,0,0,0,0,0,0,0,0,1,0,0,0,1,1,0,0,1,0,1,0,0,0,0,0,1,1,0,0,0,1,0,0,0,0,0,1,0,0,0,0,0,0,0,0,0,1,0,0,3.62,3.5,116.0,4800.0,11199.0,low
167,171,2,98.4,176.2,65.6,52.0,2714,146,9.3,24,30,134.0,0,0,0,0,0,0,0,0,0,0,0,0,0,0,0,0,0,0,0,1,0,0,0,1,1,0,0,1,0,0,1,0,0,0,0,1,1,0,0,0,1,0,0,0,0,0,1,0,0,0,0,0,0,0,0,0,1,0,0,3.62,3.5,116.0,4800.0,11549.0,low
168,172,2,98.4,176.2,65.6,53.0,2975,146,9.3,24,30,134.0,0,0,0,0,0,0,0,0,0,0,0,0,0,0,0,0,0,0,0,1,0,0,0,1,1,0,0,1,1,0,0,0,0,0,0,1,1,0,0,0,1,0,0,0,0,0,1,0,0,0,0,0,0,0,0,0,1,0,0,3.62,3.5,116.0,4800.0,17669.0,low
169,173,-1,102.4,175.6,66.5,54.9,2326,122,8.7,29,34,65.0,0,0,0,0,0,0,0,0,0,0,0,0,0,0,0,0,0,0,0,1,0,0,0,1,1,0,1,0,0,0,0,1,0,0,1,0,1,0,0,0,1,0,0,0,0,0,1,0,0,0,0,0,0,0,0,0,1,0,0,3.31,3.54,92.0,4200.0,8948.0,low
170,174,-1,102.4,175.6,66.5,54.9,2480,110,22.5,30,33,65.0,0,0,0,0,0,0,0,0,0,0,0,0,0,0,0,0,0,0,0,1,0,0,1,0,0,1,1,0,0,0,0,1,0,0,1,0,1,0,0,0,1,0,0,0,0,0,1,0,0,0,0,0,0,0,1,0,0,0,0,3.27,3.35,73.0,4500.0,10698.0,low
171,175,-1,102.4,175.6,66.5,53.9,2414,122,8.7,27,32,65.0,0,0,0,0,0,0,0,0,0,0,0,0,0,0,0,0,0,0,0,1,0,0,0,1,1,0,1,0,0,0,1,0,0,0,1,0,1,0,0,0,1,0,0,0,0,0,1,0,0,0,0,0,0,0,0,0,1,0,0,3.31,3.54,92.0,4200.0,9988.0,low
172,176,-1,102.4,175.6,66.5,54.9,2414,122,8.7,27,32,65.0,0,0,0,0,0,0,0,0,0,0,0,0,0,0,0,0,0,0,0,1,0,0,0,1,1,0,1,0,0,0,0,1,0,0,1,0,1,0,0,0,1,0,0,0,0,0,1,0,0,0,0,0,0,0,0,0,1,0,0,3.31,3.54,92.0,4200.0,10898.0,low
173,177,-1,102.4,175.6,66.5,53.9,2458,122,8.7,27,32,65.0,0,0,0,0,0,0,0,0,0,0,0,0,0,0,0,0,0,0,0,1,0,0,0,1,1,0,1,0,0,0,1,0,0,0,1,0,1,0,0,0,1,0,0,0,0,0,1,0,0,0,0,0,0,0,0,0,1,0,0,3.31,3.54,92.0,4200.0,11248.0,low
174,178,3,102.9,183.5,67.7,52.0,2976,171,9.3,20,24,197.0,0,0,0,0,0,0,0,0,0,0,0,0,0,0,0,0,0,0,0,1,0,0,0,1,1,0,0,1,0,0,1,0,0,0,0,1,1,0,1,0,0,0,0,0,0,0,0,1,0,0,0,0,0,0,0,0,1,0,0,3.27,3.35,161.0,5200.0,16558.0,low
175,179,3,102.9,183.5,67.7,52.0,3016,171,9.3,19,24,197.0,0,0,0,0,0,0,0,0,0,0,0,0,0,0,0,0,0,0,0,1,0,0,0,1,1,0,0,1,0,0,1,0,0,0,0,1,1,0,1,0,0,0,0,0,0,0,0,1,0,0,0,0,0,0,0,0,1,0,0,3.27,3.35,161.0,5200.0,15998.0,low
176,180,-1,104.5,187.8,66.5,54.1,3131,171,9.2,20,24,90.0,0,0,0,0,0,0,0,0,0,0,0,0,0,0,0,0,0,0,0,1,0,0,0,1,1,0,1,0,0,0,0,1,0,0,0,1,1,0,1,0,0,0,0,0,0,0,0,1,0,0,0,0,0,0,0,0,1,0,0,3.27,3.35,156.0,5200.0,15690.0,low
177,181,-1,104.5,187.8,66.5,54.1,3151,161,9.2,19,24,122.0,0,0,0,0,0,0,0,0,0,0,0,0,0,0,0,0,0,0,0,1,0,0,0,1,1,0,1,0,0,0,0,0,1,0,0,1,1,0,1,0,0,0,0,0,0,0,0,1,0,0,0,0,0,0,0,0,1,0,0,3.27,3.35,156.0,5200.0,15750.0,low
178,182,2,97.3,171.7,65.5,55.7,2261,97,23.0,37,46,122.0,0,0,0,0,0,0,0,0,0,0,0,0,0,0,0,0,0,0,0,0,1,0,1,0,1,0,0,1,0,0,0,1,0,0,1,0,1,0,0,0,1,0,0,0,0,0,1,0,0,0,0,0,0,0,1,0,0,0,0,3.01,3.4,52.0,4800.0,7775.0,low
179,183,2,97.3,171.7,65.5,55.7,2209,109,9.0,27,34,122.0,0,0,0,0,0,0,0,0,0,0,0,0,0,0,0,0,0,0,0,0,1,0,0,1,1,0,0,1,0,0,0,1,0,0,1,0,1,0,0,0,1,0,0,0,0,0,1,0,0,0,0,0,0,0,0,0,1,0,0,3.19,3.4,85.0,5250.0,7975.0,low
180,184,2,97.3,171.7,65.5,55.7,2264,97,23.0,37,46,94.0,0,0,0,0,0,0,0,0,0,0,0,0,0,0,0,0,0,0,0,0,1,0,1,0,1,0,1,0,0,0,0,1,0,0,1,0,1,0,0,0,1,0,0,0,0,0,1,0,0,0,0,0,0,0,1,0,0,0,0,3.01,3.4,52.0,4800.0,7995.0,low
181,185,2,97.3,171.7,65.5,55.7,2212,109,9.0,27,34,94.0,0,0,0,0,0,0,0,0,0,0,0,0,0,0,0,0,0,0,0,0,1,0,0,1,1,0,1,0,0,0,0,1,0,0,1,0,1,0,0,0,1,0,0,0,0,0,1,0,0,0,0,0,0,0,0,0,1,0,0,3.19,3.4,85.0,5250.0,8195.0,low
182,186,2,97.3,171.7,65.5,55.7,2275,109,9.0,27,34,94.0,0,0,0,0,0,0,0,0,0,0,0,0,0,0,0,0,0,0,0,0,1,0,0,1,1,0,1,0,0,0,0,1,0,0,1,0,1,0,0,0,1,0,0,0,0,0,1,0,0,0,0,0,0,0,0,0,1,0,0,3.19,3.4,85.0,5250.0,8495.0,low
183,187,2,97.3,171.7,65.5,55.7,2319,97,23.0,37,42,94.0,0,0,0,0,0,0,0,0,0,0,0,0,0,0,0,0,0,0,0,0,1,0,1,0,0,1,1,0,0,0,0,1,0,0,1,0,1,0,0,0,1,0,0,0,0,0,1,0,0,0,0,0,0,0,1,0,0,0,0,3.01,3.4,68.0,4500.0,9495.0,low
184,188,2,97.3,171.7,65.5,55.7,2300,109,10.0,26,32,94.0,0,0,0,0,0,0,0,0,0,0,0,0,0,0,0,0,0,0,0,0,1,0,0,1,1,0,1,0,0,0,0,1,0,0,1,0,1,0,0,0,1,0,0,0,0,0,1,0,0,0,0,0,0,0,0,0,1,0,0,3.19,3.4,100.0,5500.0,9995.0,low
185,189,3,94.5,159.3,64.2,55.6,2254,109,8.5,24,29,122.0,0,0,0,0,0,0,0,0,0,0,0,0,0,0,0,0,0,0,0,0,1,0,0,1,1,0,0,1,1,0,0,0,0,0,1,0,1,0,0,0,1,0,0,0,0,0,1,0,0,0,0,0,0,0,0,0,1,0,0,3.19,3.4,90.0,5500.0,11595.0,low
186,190,3,94.5,165.7,64.0,51.4,2221,109,8.5,24,29,256.0,0,0,0,0,0,0,0,0,0,0,0,0,0,0,0,0,0,0,0,0,1,0,0,1,1,0,0,1,0,0,1,0,0,0,1,0,1,0,0,0,1,0,0,0,0,0,1,0,0,0,0,0,0,0,0,0,1,0,0,3.19,3.4,90.0,5500.0,9980.0,low
187,191,0,100.4,180.2,66.9,55.1,2661,136,8.5,19,24,122.0,0,0,0,0,0,0,0,0,0,0,0,0,0,0,0,0,0,0,0,0,1,0,0,1,1,0,1,0,0,0,0,1,0,0,1,0,1,0,0,0,1,0,0,0,0,1,0,0,0,0,0,0,0,0,0,0,1,0,0,3.19,3.4,110.0,5500.0,13295.0,low
188,192,0,100.4,180.2,66.9,55.1,2579,97,23.0,33,38,122.0,0,0,0,0,0,0,0,0,0,0,0,0,0,0,0,0,0,0,0,0,1,0,1,0,0,1,1,0,0,0,0,1,0,0,1,0,1,0,0,0,1,0,0,0,0,0,1,0,0,0,0,0,0,0,1,0,0,0,0,3.01,3.4,68.0,4500.0,13845.0,low
189,193,0,100.4,183.1,66.9,55.1,2563,109,9.0,25,31,122.0,0,0,0,0,0,0,0,0,0,0,0,0,0,0,0,0,0,0,0,0,1,0,0,1,1,0,1,0,0,0,0,0,1,0,1,0,1,0,0,0,1,0,0,0,0,0,1,0,0,0,0,0,0,0,0,0,1,0,0,3.19,3.4,88.0,5500.0,12290.0,low
190,194,-2,104.3,188.8,67.2,56.2,2912,141,9.5,23,28,103.0,0,0,0,0,0,0,0,0,0,0,0,0,0,0,0,0,0,0,0,0,0,1,0,1,1,0,1,0,0,0,0,1,0,0,0,1,1,0,0,0,1,0,0,0,0,0,1,0,0,0,0,0,0,0,0,0,1,0,0,3.78,3.15,114.0,5400.0,12940.0,low
191,195,-1,104.3,188.8,67.2,57.5,3034,141,9.5,23,28,74.0,0,0,0,0,0,0,0,0,0,0,0,0,0,0,0,0,0,0,0,0,0,1,0,1,1,0,1,0,0,0,0,0,1,0,0,1,1,0,0,0,1,0,0,0,0,0,1,0,0,0,0,0,0,0,0,0,1,0,0,3.78,3.15,114.0,5400.0,13415.0,low
192,196,-2,104.3,188.8,67.2,56.2,2935,141,9.5,24,28,103.0,0,0,0,0,0,0,0,0,0,0,0,0,0,0,0,0,0,0,0,0,0,1,0,1,1,0,1,0,0,0,0,1,0,0,0,1,1,0,0,0,1,0,0,0,0,0,1,0,0,0,0,0,0,0,0,0,1,0,0,3.78,3.15,114.0,5400.0,15985.0,low
193,197,-1,104.3,188.8,67.2,57.5,3042,141,9.5,24,28,74.0,0,0,0,0,0,0,0,0,0,0,0,0,0,0,0,0,0,0,0,0,0,1,0,1,1,0,1,0,0,0,0,0,1,0,0,1,1,0,0,0,1,0,0,0,0,0,1,0,0,0,0,0,0,0,0,0,1,0,0,3.78,3.15,114.0,5400.0,16515.0,low
194,198,-2,104.3,188.8,67.2,56.2,3045,130,7.5,17,22,103.0,0,0,0,0,0,0,0,0,0,0,0,0,0,0,0,0,0,0,0,0,0,1,0,1,0,1,1,0,0,0,0,1,0,0,0,1,1,0,0,0,1,0,0,0,0,0,1,0,0,0,0,0,0,0,0,0,1,0,0,3.62,3.15,162.0,5100.0,18420.0,low
195,199,-1,104.3,188.8,67.2,57.5,3157,130,7.5,17,22,74.0,0,0,0,0,0,0,0,0,0,0,0,0,0,0,0,0,0,0,0,0,0,1,0,1,0,1,1,0,0,0,0,0,1,0,0,1,1,0,0,0,1,0,0,0,0,0,1,0,0,0,0,0,0,0,0,0,1,0,0,3.62,3.15,162.0,5100.0,18950.0,medium
196,200,-1,109.1,188.8,68.9,55.5,2952,141,9.5,23,28,95.0,0,0,0,0,0,0,0,0,0,0,0,0,0,0,0,0,0,0,0,0,0,1,0,1,1,0,1,0,0,0,0,1,0,0,0,1,1,0,0,0,1,0,0,0,0,0,1,0,0,0,0,0,0,0,0,0,1,0,0,3.78,3.15,114.0,5400.0,16845.0,low
197,201,-1,109.1,188.8,68.8,55.5,3049,141,8.7,19,25,95.0,0,0,0,0,0,0,0,0,0,0,0,0,0,0,0,0,0,0,0,0,0,1,0,1,0,1,1,0,0,0,0,1,0,0,0,1,1,0,0,0,1,0,0,0,0,0,1,0,0,0,0,0,0,0,0,0,1,0,0,3.78,3.15,160.0,5300.0,19045.0,medium
198,202,-1,109.1,188.8,68.9,55.5,3012,173,8.8,18,23,95.0,0,0,0,0,0,0,0,0,0,0,0,0,0,0,0,0,0,0,0,0,0,1,0,1,1,0,1,0,0,0,0,1,0,0,0,1,1,0,0,0,0,0,1,0,0,0,0,1,0,0,0,0,0,0,0,0,1,0,0,3.58,2.87,134.0,5500.0,21485.0,medium
199,203,-1,109.1,188.8,68.9,55.5,3217,145,23.0,26,27,95.0,0,0,0,0,0,0,0,0,0,0,0,0,0,0,0,0,0,0,0,0,0,1,1,0,0,1,1,0,0,0,0,1,0,0,0,1,1,0,0,0,1,0,0,0,0,0,0,1,0,0,0,0,0,0,1,0,0,0,0,3.01,3.4,106.0,4800.0,22470.0,medium
200,204,-1,109.1,188.8,68.9,55.5,3062,141,9.5,19,25,95.0,0,0,0,0,0,0,0,0,0,0,0,0,0,0,0,0,0,0,0,0,0,1,0,1,0,1,1,0,0,0,0,1,0,0,0,1,1,0,0,0,1,0,0,0,0,0,1,0,0,0,0,0,0,0,0,0,1,0,0,3.78,3.15,114.0,5400.0,22625.0,medium
